id,type,address,lat,lon,display_name
C1,customer,"Asmali Mescit Mahallesi, Beyoglu, Istanbul, Turkiye",41.031329299999996,28.975244462335034,"Asmalı Mescit Mahallesi, Beyoğlu, İstanbul, Marmara Bölgesi, 34430, Türkiye"
C2,customer,"Cihangir Mahallesi, Beyoglu, Istanbul, Turkiye",41.0330402,28.9853187,"Cihangir Mahallesi, Beyoğlu, İstanbul, Marmara Bölgesi, Türkiye"
C4,customer,"Piyalepasa Mahallesi, Beyoglu, Istanbul, Turkiye",41.048673300000004,28.962251859711046,"Piyalepaşa Mahallesi, Beyoğlu, İstanbul, Marmara Bölgesi, Türkiye"
C5,customer,"Kalyoncu Kullugu Mahallesi, Beyoglu, Istanbul, Turkiye",41.03687695,28.975524536382128,"Kalyoncu Kulluğu Mahallesi, Beyoğlu, İstanbul, Marmara Bölgesi, 34221, Türkiye"
C6,customer,"Haciahmet Mahallesi, Beyoglu, Istanbul, Turkiye",41.04224735,28.973888606407392,"Hacıahmet Mahallesi, Beyoğlu, İstanbul, Marmara Bölgesi, Türkiye"
C7,customer,"Karakoy Mahallesi, Beyoglu, Istanbul, Turkiye",41.0222757,28.9771726,"Türkiye İş Bankası, Rıhtım Caddesi, Karaköy, Kemankeş Karamustafa Paşa, Kemankeş Karamustafa Paşa Mahallesi, Beyoğlu, İstanbul, Marmara Bölgesi, 34425, Türkiye"
C8,customer,"Firuzaga Mahallesi, Beyoglu, Istanbul, Turkiye",41.0298852,28.980814355568736,"Firuzağa Mahallesi, Beyoğlu, İstanbul, Marmara Bölgesi, Türkiye"
C9,customer,"Galata Mahallesi, Beyoglu, Istanbul, Turkiye",41.0252857,28.9727922,"Galata, Bereketzade Mahallesi, Beyoğlu, İstanbul, Marmara Bölgesi, 34421, Türkiye"
C10,customer,"Kulaksiz Mahallesi, Beyoglu, Istanbul, Turkiye",41.0376925,28.9607963,"Kulaksız Mahallesi, Beyoğlu, İstanbul, Marmara Bölgesi, Türkiye"
C11,customer,"Tesvikiye Mahallesi, Sisli, Istanbul, Turkiye",41.0519368,28.9966371,"Teşvikiye Mahallesi, Şişli, İstanbul, Marmara Bölgesi, 34365, Türkiye"
C12,customer,"Harbiye Mahallesi, Sisli, Istanbul, Turkiye",41.0452381,28.9910139,"Harbiye Mahallesi, Şişli, İstanbul, Marmara Bölgesi, 34367, Türkiye"
C13,customer,"Mecidiyekoy Mahallesi, Sisli, Istanbul, Turkiye",41.0709488,28.9967005,"Mecidiyeköy Mahallesi, Şişli, İstanbul, Marmara Bölgesi, 34387, Türkiye"
C14,customer,"Halaskargazi Mahallesi, Sisli, Istanbul, Turkiye",41.0514835,28.9888479,"Halaskargazi Mahallesi, Şişli, İstanbul, Marmara Bölgesi, 34371, Türkiye"
C15,customer,"Okmeydani Mahallesi, Sisli, Istanbul, Turkiye",41.0615393,28.9682419,"Türkiye İş Bankası, Darülaceze Caddesi, Okmeydanı, Halil Rıfat Paşa Mahallesi, Şişli, İstanbul, Marmara Bölgesi, 34384, Türkiye"
C16,customer,"19 Mayis Mahallesi, Sisli, Istanbul, Turkiye",41.0598652,28.9914441,"19 Mayıs Mahallesi, Şişli, İstanbul, Marmara Bölgesi, 34360, Türkiye"
C17,customer,"Ergenekon Mahallesi, Sisli, Istanbul, Turkiye",41.0489803,28.9864057,"Ergenekon Mahallesi, Şişli, İstanbul, Marmara Bölgesi, 34373, Türkiye"
C18,customer,"Mahmut Sevket Pasa Mahallesi, Sisli, Istanbul, Turkiye",41.0525016,28.965487,"Mahmut Şevket Paşa Mahallesi, Şişli, İstanbul, Marmara Bölgesi, Türkiye"
C20,customer,"Inonu Mahallesi, Sisli, Istanbul, Turkiye",41.0438743,28.9844034,"İnönü Mahallesi, Şişli, İstanbul, Marmara Bölgesi, Türkiye"
C22,customer,"Etiler Mahallesi, Besiktas, Istanbul, Turkiye",41.0840093,29.0366077,"Etiler Mahallesi, Beşiktaş, İstanbul, Marmara Bölgesi, 34337, Türkiye"
C23,customer,"Levent Mahallesi, Besiktas, Istanbul, Turkiye",41.0815723,29.0169502,"Levent Mahallesi, Beşiktaş, İstanbul, Marmara Bölgesi, 34330, Türkiye"
C24,customer,"Bebek Mahallesi, Besiktas, Istanbul, Turkiye",41.0790159,29.0439589,"Bebek Mahallesi, Beşiktaş, İstanbul, Marmara Bölgesi, 34342, Türkiye"
C25,customer,"Arnavutkoy Mahallesi, Besiktas, Istanbul, Turkiye",41.0683942,29.0411538,"Arnavutköy Mahallesi, Beşiktaş, İstanbul, Marmara Bölgesi, Türkiye"
C26,customer,"Akat Mahallesi, Besiktas, Istanbul, Turkiye",41.0858575,29.026253,"Akat Mahallesi, Beşiktaş, İstanbul, Marmara Bölgesi, Türkiye"
C27,customer,"Ortakoy Mahallesi, Besiktas, Istanbul, Turkiye",41.0546272,29.0281901,"Ortaköy Mahallesi, Beşiktaş, İstanbul, Marmara Bölgesi, 34347, Türkiye"
C28,customer,"Ulus Mahallesi, Besiktas, Istanbul, Turkiye",41.0653097,29.026286164265805,"Ulus Mahallesi, Beşiktaş, İstanbul, Marmara Bölgesi, Türkiye"
C29,customer,"Yildiz Mahallesi, Besiktas, Istanbul, Turkiye",41.0479707,29.0145236,"Yıldız Mahallesi, Beşiktaş, İstanbul, Marmara Bölgesi, Türkiye"
C30,customer,"Sinanpasa Mahallesi, Besiktas, Istanbul, Turkiye",41.0428133,29.0048711,"Sinanpaşa Mahallesi, Beşiktaş, İstanbul, Marmara Bölgesi, 34353, Türkiye"
C31,customer,"Merkez Mahallesi, Kagithane, Istanbul, Turkiye",41.079396,28.9692391,"Merkez Mahallesi, Kâğıthane, İstanbul, Marmara Bölgesi, 34406, Türkiye"
C32,customer,"Hamidiye Mahallesi, Kagithane, Istanbul, Turkiye",41.0945221,28.9708151,"Hamidiye Mahallesi, Kâğıthane, İstanbul, Marmara Bölgesi, 34408, Türkiye"
C33,customer,"Seyrantepe Mahallesi, Kagithane, Istanbul, Turkiye",41.0968122,28.9892146,"Seyrantepe Mahallesi, Kâğıthane, İstanbul, Marmara Bölgesi, Türkiye"
C34,customer,"Celiktepe Mahallesi, Kagithane, Istanbul, Turkiye",41.083673,28.9997851,"Çeliktepe Mahallesi, Kâğıthane, İstanbul, Marmara Bölgesi, Türkiye"
C36,customer,"Gursel Mahallesi, Kagithane, Istanbul, Turkiye",41.0709262,28.972669,"Gürsel Mahallesi, Kâğıthane, İstanbul, Marmara Bölgesi, Türkiye"
C37,customer,"Ortabayir Mahallesi, Kagithane, Istanbul, Turkiye",41.0780937,29.0039886,"Ortabayır Mahallesi, Kâğıthane, İstanbul, Marmara Bölgesi, 34413, Türkiye"
C38,customer,"Sanayi Mahallesi, Kagithane, Istanbul, Turkiye",41.0909671,28.9978422,"Sultan Selim Mahallesi, Kâğıthane, İstanbul, Marmara Bölgesi, Türkiye"
C39,customer,"Yesilce Mahallesi, Kagithane, Istanbul, Turkiye",41.0956169,29.0006008,"Yeşilce Mahallesi, Kâğıthane, İstanbul, Marmara Bölgesi, 34418, Türkiye"
C40,customer,"Talatpasa Mahallesi, Kagithane, Istanbul, Turkiye",41.063141,28.9635226,"Talatpaşa Mahallesi, Kâğıthane, İstanbul, Marmara Bölgesi, 34384, Türkiye"
C41,customer,"Yesilpinar Mahallesi, Eyupsultan, Istanbul, Turkiye",41.0785373,28.9195063,"Yeşilpınar Mahallesi, Eyüpsultan, İstanbul, Marmara Bölgesi, 34065, Türkiye"
C42,customer,"Alibeykoy Mahallesi, Eyupsultan, Istanbul, Turkiye",41.077272,28.946901,"Alibeyköy Mahallesi, Eyüpsultan, İstanbul, Marmara Bölgesi, Türkiye"
C43,customer,"Topcular Mahallesi, Eyupsultan, Istanbul, Turkiye",41.0411044,28.9254323,"Topçular Mahallesi, Eyüpsultan, İstanbul, Marmara Bölgesi, 34000, Türkiye"
C44,customer,"Defterdar Mahallesi, Eyupsultan, Istanbul, Turkiye",41.0372014,28.934288,"Defterdar Mahallesi, Eyüpsultan, İstanbul, Marmara Bölgesi, Türkiye"
C45,customer,"Islambey Mahallesi, Eyupsultan, Istanbul, Turkiye",41.0467148,28.9314745,"İslambey Mahallesi, Eyüpsultan, İstanbul, Marmara Bölgesi, Türkiye"
C46,customer,"Nisanca Mahallesi, Eyupsultan, Istanbul, Turkiye",41.041653,28.927815,"Nişanca, Eyüp Sultan Bulvarı, Düğmeciler Mahallesi, Eyüpsultan, İstanbul, Marmara Bölgesi, 34055, Türkiye"
C48,customer,"Rami Yeni Mahallesi, Eyupsultan, Istanbul, Turkiye",41.0515281,28.9175547,"Rami Yeni Mahallesi, Eyüpsultan, İstanbul, Marmara Bölgesi, 34055, Türkiye"
C49,customer,"Karadolap Mahallesi, Eyupsultan, Istanbul, Turkiye",41.0747846,28.934217,"Karadolap Mahallesi, Eyüpsultan, İstanbul, Marmara Bölgesi, Türkiye"
C50,customer,"Guvenlik Mahallesi, Eyupsultan, Istanbul, Turkiye",41.0504682,28.9188062,"Desi Alarm & Güvenlik, 54/B, Reşadiye Caddesi, Rami Yeni Mahallesi, Eyüpsultan, İstanbul, Marmara Bölgesi, 34055, Türkiye"
C51,customer,"Sultanahmet Mahallesi, Fatih, Istanbul, Turkiye",41.0041141,28.9769087,"Sultan Ahmet Mahallesi, Fatih, İstanbul, Marmara Bölgesi, Türkiye"
C52,customer,"Aksaray Mahallesi, Fatih, Istanbul, Turkiye",41.0083123,28.9502838,"Aksaray Mahallesi, Fatih, İstanbul, Marmara Bölgesi, 34096, Türkiye"
C53,customer,"Eminonu Mahallesi, Fatih, Istanbul, Turkiye",41.0180181,28.9728987,"İşbank, Eminönü, Sirkeci, Hobyar Mahallesi, İstanbul, Fatih, İstanbul, Marmara Bölgesi, 34112, Türkiye"
C54,customer,"Haseki Sultan Mahallesi, Fatih, Istanbul, Turkiye",41.0092592,28.9451769,"Haseki Sultan Mahallesi, Fatih, İstanbul, Marmara Bölgesi, Türkiye"
C55,customer,"Balat Mahallesi, Fatih, Istanbul, Turkiye",41.0320032,28.9482931,"Balat Mahallesi, Fatih, İstanbul, Marmara Bölgesi, 34087, Türkiye"
C56,customer,"Capa Mahallesi, Fatih, Istanbul, Turkiye",41.0138832,28.9327162,"Şehremini Mahallesi, Fatih, İstanbul, Marmara Bölgesi, 34104, Türkiye"
C57,customer,"Fener Mahallesi, Fatih, Istanbul, Turkiye",41.0298173,28.9509216,"Fener, Balat Mahallesi, İstanbul, Fatih, İstanbul, Marmara Bölgesi, 34087, Türkiye"
C58,customer,"Kocamustafapasa Mahallesi, Fatih, Istanbul, Turkiye",40.9999287,28.9331768,"Kocamustafapaşa, İç Kalpakçı Sokağı, Samatya, Koca Mustafapaşa Mahallesi, İstanbul, Fatih, İstanbul, Marmara Bölgesi, 34098, Türkiye"
C59,customer,"Karagumruk Mahallesi, Fatih, Istanbul, Turkiye",41.0268821,28.9373882,"Karagümrük Mahallesi, Fatih, İstanbul, Marmara Bölgesi, Türkiye"
C60,customer,"Molla Gurani Mahallesi, Fatih, Istanbul, Turkiye",41.0129736,28.9418478,"Molla Gürani Mahallesi, Fatih, İstanbul, Marmara Bölgesi, 34093, Türkiye"
C61,customer,"Topkapi Mahallesi, Zeytinburnu, Istanbul, Turkiye",41.0277775,28.9096922,"Maltepe Mahallesi, Zeytinburnu, İstanbul, Marmara Bölgesi, 34010, Türkiye"
C62,customer,"Merkezefendi Mahallesi, Zeytinburnu, Istanbul, Turkiye",41.014371,28.9189855,"Merkezefendi Mahallesi, Zeytinburnu, İstanbul, Marmara Bölgesi, Türkiye"
C63,customer,"Yesiltepe Mahallesi, Zeytinburnu, Istanbul, Turkiye",40.9912492,28.902307,"Yeşiltepe Mahallesi, Zeytinburnu, İstanbul, Marmara Bölgesi, 34025, Türkiye"
C64,customer,"Veliefendi Mahallesi, Zeytinburnu, Istanbul, Turkiye",40.9959417,28.8978934,"Veliefendi Mahallesi, Zeytinburnu, İstanbul, Marmara Bölgesi, Türkiye"
C65,customer,"Nuripasa Mahallesi, Zeytinburnu, Istanbul, Turkiye",40.9881236,28.9025258,"Nuripaşa Mahallesi, Zeytinburnu, İstanbul, Marmara Bölgesi, Türkiye"
C66,customer,"Kazlicesme Mahallesi, Zeytinburnu, Istanbul, Turkiye",40.9881118,28.9093458,"Kazlıçeşme Mahallesi, Zeytinburnu, İstanbul, Marmara Bölgesi, Türkiye"
C67,customer,"Maltepe Mahallesi, Zeytinburnu, Istanbul, Turkiye",41.0277775,28.9096922,"Maltepe Mahallesi, Zeytinburnu, İstanbul, Marmara Bölgesi, 34010, Türkiye"
C68,customer,"Bestelsiz Mahallesi, Zeytinburnu, Istanbul, Turkiye",40.9994868,28.9045024,"Beştelsiz Mahallesi, Zeytinburnu, İstanbul, Marmara Bölgesi, Türkiye"
C69,customer,"Telsiz Mahallesi, Zeytinburnu, Istanbul, Turkiye",40.9994553,28.9121132,"Telsiz Mahallesi, Zeytinburnu, İstanbul, Marmara Bölgesi, Türkiye"
C70,customer,"Gokalp Mahallesi, Zeytinburnu, Istanbul, Turkiye",40.9934935,28.9054676,"Gökalp Mahallesi, Zeytinburnu, İstanbul, Marmara Bölgesi, 34020, Türkiye"
C71,customer,"Sakizagaci Mahallesi, Bakirkoy, Istanbul, Turkiye",40.9777116,28.8792335,"Sakızağacı Mahallesi, Bakırköy, İstanbul, Marmara Bölgesi, 34142, Türkiye"
C72,customer,"Kartaltepe Mahallesi, Bakirkoy, Istanbul, Turkiye",40.9852114,28.8759551,"Kartaltepe Mahallesi, Bakırköy, İstanbul, Marmara Bölgesi, 34145, Türkiye"
C73,customer,"Osmaniye Mahallesi, Bakirkoy, Istanbul, Turkiye",40.9938982,28.8795871,"Osmaniye Mahallesi, Bakırköy, İstanbul, Marmara Bölgesi, 34146, Türkiye"
C74,customer,"Yesilkoy Mahallesi, Bakirkoy, Istanbul, Turkiye",40.9589829,28.8225574,"Yeşilköy Mahallesi, Bakırköy, İstanbul, Marmara Bölgesi, Türkiye"
C75,customer,"Florya Mahallesi, Bakirkoy, Istanbul, Turkiye",40.975948,28.7910128,"Florya, Şenlikköy Mahallesi, Bakırköy, İstanbul, Marmara Bölgesi, 34153, Türkiye"
C76,customer,"Atakoy Mahallesi, Bakirkoy, Istanbul, Turkiye",40.977329,28.8675128,"Ataköy 1. Kısım Mahallesi, Bakırköy, İstanbul, Marmara Bölgesi, Türkiye"
C77,customer,"Zuhuratbaba Mahallesi, Bakirkoy, Istanbul, Turkiye",40.9824138,28.8711297,"Zuhuratbaba Mahallesi, Bakırköy, İstanbul, Marmara Bölgesi, 34147, Türkiye"
C78,customer,"Basinkoy Mahallesi, Bakirkoy, Istanbul, Turkiye",40.979703,28.780426,"Basınköy Mahallesi, Bakırköy, İstanbul, Marmara Bölgesi, Türkiye"
C79,customer,"Cevizlik Mahallesi, Bakirkoy, Istanbul, Turkiye",40.9785708,28.8754801,"Cevizlik Mahallesi, Bakırköy, İstanbul, Marmara Bölgesi, 34140, Türkiye"
C80,customer,"Sirinevler Mahallesi, Bahcelievler, Istanbul, Turkiye",40.9956523,28.8486348,"Şirinevler Mahallesi, Bahçelievler, İstanbul, Marmara Bölgesi, 34188, Türkiye"
C81,customer,"Kocasinan Merkez Mahallesi, Bahcelievler, Istanbul, Turkiye",41.0170357,28.8419751,"Kocasinan Merkez Mahallesi, Bahçelievler, İstanbul, Marmara Bölgesi, Türkiye"
C82,customer,"Yenibosna Merkez Mahallesi, Bahcelievler, Istanbul, Turkiye",41.0134935,28.8251315,"Yenibosna Merkez Mahallesi, Bahçelievler, İstanbul, Marmara Bölgesi, 34197, Türkiye"
C83,customer,"Soganli Mahallesi, Bahcelievler, Istanbul, Turkiye",41.0109005,28.8555162,"Soğanlı Mahallesi, Bahçelievler, İstanbul, Marmara Bölgesi, 34183, Türkiye"
C84,customer,"Hurriyet Mahallesi, Bahcelievler, Istanbul, Turkiye",40.9941482,28.8411642,"Hürriyet Mahallesi, Bahçelievler, İstanbul, Marmara Bölgesi, 34192, Türkiye"
C85,customer,"Bahcelievler Mahallesi, Bahcelievler, Istanbul, Turkiye",41.00422455,28.871414117098865,"Bahçelievler Mahallesi, Bahçelievler, İstanbul, Marmara Bölgesi, 34180, Türkiye"
C86,customer,"Cumhuriyet Mahallesi, Bahcelievler, Istanbul, Turkiye",41.0171118,28.8529333,"Cumhuriyet Mahallesi, Bahçelievler, İstanbul, Marmara Bölgesi, 34186, Türkiye"
C87,customer,"Fevzi Cakmak Mahallesi, Bahcelievler, Istanbul, Turkiye",41.0016533,28.8329435,"Fevzi Çakmak Mahallesi, Bahçelievler, İstanbul, Marmara Bölgesi, Türkiye"
C88,customer,"Mahmutbey Mahallesi, Bahcelievler, Istanbul, Turkiye",40.996169,28.8437246,"Mahmutbey 1. Sokak, Şirinevler Mahallesi, Bahçelievler, İstanbul, Marmara Bölgesi, 34188, Türkiye"
C89,customer,"Cobancesme Mahallesi, Bahcelievler, Istanbul, Turkiye",41.0043769,28.826637,"Çobançeşme Mahallesi, Bahçelievler, İstanbul, Marmara Bölgesi, 34196, Türkiye"
C90,customer,"Sefakoy Mahallesi, Kucukcekmece, Istanbul, Turkiye",41.0012981,28.7976664,"Türkiye İş Bankası, Sadık Sokağı, Sefaköy, Kartaltepe Mahallesi, Küçükçekmece, İstanbul, Marmara Bölgesi, 34295, Türkiye"
C91,customer,"Atakent Mahallesi, Kucukcekmece, Istanbul, Turkiye",41.0553307,28.7819332,"Atakent Mahallesi, Küçükçekmece, İstanbul, Marmara Bölgesi, 34307, Türkiye"
C92,customer,"Halkali Merkez Mahallesi, Kucukcekmece, Istanbul, Turkiye",41.0356342,28.7925691,"Halkalı Merkez Mahallesi, Küçükçekmece, İstanbul, Marmara Bölgesi, 34303, Türkiye"
C93,customer,"Yarimburgaz Mahallesi, Kucukcekmece, Istanbul, Turkiye",41.0486117,28.7538529,"Yarımburgaz Mahallesi, Küçükçekmece, İstanbul, Marmara Bölgesi, Türkiye"
C94,customer,"Cennet Mahallesi, Kucukcekmece, Istanbul, Turkiye",40.9896625,28.7775673,"Cennet Mahallesi, Küçükçekmece, İstanbul, Marmara Bölgesi, 34290, Türkiye"
C95,customer,"Fatih Mahallesi, Kucukcekmece, Istanbul, Turkiye",40.9920419,28.76962,"Fatih Mahallesi, Küçükçekmece, İstanbul, Marmara Bölgesi, Türkiye"
C96,customer,"Gultepe Mahallesi, Kucukcekmece, Istanbul, Turkiye",40.9942991,28.7911487,"Gültepe Mahallesi, Küçükçekmece, İstanbul, Marmara Bölgesi, Türkiye"
C97,customer,"Inonu Mahallesi, Kucukcekmece, Istanbul, Turkiye",41.0234463,28.7965109,"İnönü Mahallesi, Küçükçekmece, İstanbul, Marmara Bölgesi, Türkiye"
C98,customer,"Mehmet Akif Mahallesi, Kucukcekmece, Istanbul, Turkiye",41.0531043,28.8058591,"Mehmet Akif Mahallesi, Küçükçekmece, İstanbul, Marmara Bölgesi, Türkiye"
C99,customer,"Tevfikbey Mahallesi, Kucukcekmece, Istanbul, Turkiye",41.0080103,28.7994582,"Tevfikbey Mahallesi, Küçükçekmece, İstanbul, Marmara Bölgesi, Türkiye"
C100,customer,"Ambarli Mahallesi, Avcilar, Istanbul, Turkiye",40.9737318,28.7141652,"Ambarlı Mahallesi, Avcılar, İstanbul, Marmara Bölgesi, 34314, Türkiye"
